{
    "params": {
        "weight_Inflammation": 0.007789853626688528,
        "weight_Neurodegeneration": 0.004611733183517654,
        "weight_Cognitive_Dysfunction": 0.003255552026721025,
        "weight_Vascular_Dysfunction": 3.866650726598265e-05,
        "weight_Metabolic_Dysfunction": 0.004095269296658776,
        "contribution_threshold": 6.17954690819236e-05
    },
    "score": 0.9391304347826087,
    "edges": 143.0
}