{
    "params": {
        "interaction_threshold": 0.004167771166881461,
        "contribution_threshold": 0.0005619178905564807
    },
    "score": 0.8397041598638006,
    "edges": 135.0
}